{
  "SelectAirline" : {
    "transaction" : "SelectAirline",
    "sampleCount" : 75,
    "errorCount" : 0,
    "errorPct" : 0.0,
    "meanResTime" : 657.4666666666666,
    "medianResTime" : 575.0,
    "minResTime" : 265.0,
    "maxResTime" : 2008.0,
    "pct1ResTime" : 1204.0,
    "pct2ResTime" : 1519.0000000000002,
    "pct3ResTime" : 2008.0,
    "throughput" : 1.376475122506286,
    "receivedKBytesPerSec" : 9.026396921513388,
    "sentKBytesPerSec" : 0.4089995090572063
  },
  "HomePage" : {
    "transaction" : "HomePage",
    "sampleCount" : 75,
    "errorCount" : 0,
    "errorPct" : 0.0,
    "meanResTime" : 708.9066666666666,
    "medianResTime" : 587.0,
    "minResTime" : 262.0,
    "maxResTime" : 2471.0,
    "pct1ResTime" : 1263.2,
    "pct2ResTime" : 1739.8000000000002,
    "pct3ResTime" : 2471.0,
    "throughput" : 1.4027606329255977,
    "receivedKBytesPerSec" : 6.516535479323308,
    "sentKBytesPerSec" : 0.15753659451801144
  },
  "Test" : {
    "transaction" : "Test",
    "sampleCount" : 75,
    "errorCount" : 0,
    "errorPct" : 0.0,
    "meanResTime" : 2677.279999999999,
    "medianResTime" : 2626.0,
    "minResTime" : 1308.0,
    "maxResTime" : 4434.0,
    "pct1ResTime" : 3738.0,
    "pct2ResTime" : 4017.2000000000003,
    "pct3ResTime" : 4434.0,
    "throughput" : 1.3314160941577462,
    "receivedKBytesPerSec" : 32.10368388964336,
    "sentKBytesPerSec" : 1.3867184032770588
  },
  "PurchaseTicket" : {
    "transaction" : "PurchaseTicket",
    "sampleCount" : 75,
    "errorCount" : 0,
    "errorPct" : 0.0,
    "meanResTime" : 647.0266666666664,
    "medianResTime" : 542.0,
    "minResTime" : 285.0,
    "maxResTime" : 1558.0,
    "pct1ResTime" : 1142.8000000000002,
    "pct2ResTime" : 1290.2,
    "pct3ResTime" : 1558.0,
    "throughput" : 1.3697879568242837,
    "receivedKBytesPerSec" : 7.731810928168319,
    "sentKBytesPerSec" : 0.517683534463865
  },
  "Total" : {
    "transaction" : "Total",
    "sampleCount" : 300,
    "errorCount" : 0,
    "errorPct" : 0.0,
    "meanResTime" : 669.3199999999996,
    "medianResTime" : 553.5,
    "minResTime" : 261.0,
    "maxResTime" : 2471.0,
    "pct1ResTime" : 1181.3000000000006,
    "pct2ResTime" : 1439.2999999999997,
    "pct3ResTime" : 2018.89,
    "throughput" : 5.0625221485344,
    "receivedKBytesPerSec" : 30.5174339288125,
    "sentKBytesPerSec" : 1.318200347204644
  },
  "FindFlights" : {
    "transaction" : "FindFlights",
    "sampleCount" : 75,
    "errorCount" : 0,
    "errorPct" : 0.0,
    "meanResTime" : 663.88,
    "medianResTime" : 550.0,
    "minResTime" : 261.0,
    "maxResTime" : 2384.0,
    "pct1ResTime" : 1156.6000000000004,
    "pct2ResTime" : 1652.2000000000007,
    "pct3ResTime" : 2384.0,
    "throughput" : 1.3809357220452578,
    "receivedKBytesPerSec" : 10.032192344782825,
    "sentKBytesPerSec" : 0.3509878293531697
  }
}